EmpID,Employee Name
RM297,David Miller
RM302,Susan Smith
RM458,Robert Johnson
RM728,Richard Garcia
RM829,David Jones
RM973,Patricia Garcia
RM1154,Elizabeth Jones
RM1312,Mary Williams
RM128,Charles Martinez
RM150,Jennifer Rodriguez
RM172,Jennifer Johnson
RM178,Robert Jones
RM423,John Johnson
RM689,James Williams
RM854,John Jones
RM893,Jessica Martinez
RM910,Susan Miller
RM103,Jessica Rodriguez
RM488,Patricia Martinez
RM514,Robert Johnson
RM663,Jessica Brown
RM690,Charles Miller
RM732,Karen Davis
RM777,Patricia Martinez
RM857,Richard Miller
RM877,Charles Davis
RM1179,Patricia Williams
RM1198,David Williams
RM024,Thomas Smith
RM275,Robert Miller
RM358,Patricia Jones
RM363,Joseph Martinez
RM371,Linda Jones
RM497,Richard Jones
RM664,Sarah Garcia
RM778,Patricia Jones
RM816,Sarah Brown
RM916,Barbara Jones
RM1153,David Jones
RM1272,John Miller
RM1437,David Smith
RM018,Robert Brown
RM110,Jessica Brown
RM129,Richard Brown
RM161,Charles Johnson
RM207,Thomas Brown
RM384,Jessica Garcia
RM444,John Brown
RM499,Richard Brown
RM631,Michael Williams
RM667,Mary Smith
RM735,Joseph Martinez
RM861,Joseph Brown
RM1138,Sarah Garcia
RM1274,Linda Brown
RM1340,Charles Williams
RM1424,Michael Garcia
RM087,David Jones
RM346,David Smith
RM517,Joseph Jones
RM551,Joseph Davis
RM566,James Jones
RM586,Charles Brown
RM911,David Williams
RM1083,John Williams
RM1128,James Miller
RM1202,Thomas Miller
RM1214,David Martinez
RM1239,Patricia Rodriguez
RM1409,Thomas Garcia
RM1439,James Smith
RM021,Jennifer Rodriguez
RM035,Robert Johnson
RM097,Linda Garcia
RM114,Joseph Smith
RM381,Elizabeth Williams
RM415,Mary Johnson
RM471,Charles Brown
RM475,Thomas Williams
RM477,Thomas Brown
RM480,Barbara Williams
RM526,Patricia Martinez
RM587,Joseph Jones
RM641,Joseph Garcia
RM725,Jessica Martinez
RM842,Thomas Miller
RM872,Mary Garcia
RM1026,Jennifer Garcia
RM1061,Thomas Johnson
RM1062,Linda Jones
RM1098,John Miller
RM1169,Mary Davis
RM1218,Michael Brown
RM1223,Richard Smith
RM1231,David Martinez
RM1246,David Brown
RM1408,Thomas Martinez
RM108,John Smith
RM109,John Johnson
RM139,Michael Miller
RM256,Karen Miller
RM268,John Smith
RM398,Patricia Johnson
RM406,Joseph Davis
RM479,Joseph Smith
RM518,Michael Williams
RM564,Barbara Johnson
RM619,William Miller
RM635,Charles Williams
RM639,Joseph Miller
RM684,Joseph Brown
RM797,Richard Miller
RM886,James Davis
RM912,John Jones
RM935,Barbara Martinez
RM966,John Miller
RM994,Michael Jones
RM1004,Michael Martinez
RM1022,Charles Miller
RM1175,James Smith
RM1412,Sarah Miller
RM1414,Robert Garcia
RM1434,Jennifer Williams
RM043,Joseph Davis
RM055,Karen Smith
RM126,Patricia Davis
RM135,Mary Smith
RM279,Elizabeth Jones
RM285,James Smith
RM289,Charles Jones
RM294,Joseph Jones
RM356,James Martinez
RM383,Richard Martinez
RM419,Linda Miller
RM454,Linda Johnson
RM461,Robert Smith
RM464,Michael Jones
RM476,James Rodriguez
RM506,Susan Davis
RM572,Karen Smith
RM574,Thomas Brown
RM615,Elizabeth Johnson
RM686,Robert Rodriguez
RM734,Joseph Williams
RM749,Joseph Rodriguez
RM763,David Martinez
RM770,Linda Davis
RM782,Charles Davis
RM798,James Miller
RM844,Richard Rodriguez
RM913,Michael Brown
RM999,Joseph Brown
RM1005,William Rodriguez
RM1119,Susan Garcia
RM1207,David Johnson
RM1225,Robert Martinez
RM1298,Susan Miller
RM1310,William Smith
RM1350,Barbara Johnson
RM1362,James Brown
RM1387,Thomas Martinez
RM1465,Susan Jones
RM1465,Patricia Martinez
RM005,Charles Garcia
RM042,Mary Brown
RM044,Joseph Williams
RM162,Thomas Miller
RM165,Thomas Smith
RM171,James Williams
RM192,Karen Davis
RM201,Robert Garcia
RM213,Jessica Johnson
RM319,Elizabeth Williams
RM321,Michael Johnson
RM332,John Johnson
RM340,Sarah Garcia
RM374,Michael Williams
RM486,Barbara Davis
RM496,Michael Williams
RM513,David Williams
RM522,Jennifer Jones
RM531,Susan Garcia
RM538,David Davis
RM555,Sarah Garcia
RM577,William Johnson
RM611,Charles Smith
RM616,Michael Smith
RM671,Jessica Johnson
RM718,Sarah Garcia
RM740,Sarah Jones
RM787,John Brown
RM834,Robert Martinez
RM890,Joseph Smith
RM903,Michael Jones
RM971,Jennifer Martinez
RM975,William Martinez
RM997,Linda Johnson
RM998,Linda Jones
RM1018,Michael Jones
RM1150,Thomas Martinez
RM1170,Elizabeth Johnson
RM1171,John Smith
RM1249,Karen Miller
RM1318,Sarah Miller
RM1329,Susan Garcia
RM1335,Jennifer Johnson
RM1351,Karen Martinez
RM1368,William Garcia
RM1380,Jennifer Smith
RM1394,Joseph Jones
RM1468,Robert Rodriguez
RM1468,Richard Brown
RM015,Charles Jones
RM052,David Williams
RM098,John Martinez
RM163,David Smith
RM265,James Jones
RM273,Michael Smith
RM290,Barbara Williams
RM303,Robert Jones
RM324,Thomas Williams
RM375,Michael Brown
RM405,William Miller
RM541,Patricia Brown
RM599,Thomas Williams
RM613,Susan Jones
RM630,William Davis
RM660,David Martinez
RM669,Patricia Miller
RM765,John Garcia
RM781,Michael Johnson
RM789,Karen Miller
RM794,William Jones
RM801,Thomas Williams
RM810,Elizabeth Johnson
RM820,James Miller
RM828,John Martinez
RM843,Susan Garcia
RM869,Thomas Williams
RM922,James Martinez
RM930,Michael Garcia
RM934,David Johnson
RM945,Jennifer Johnson
RM985,Michael Smith
RM1042,Thomas Smith
RM1057,James Smith
RM1069,Michael Smith
RM1070,Charles Davis
RM1071,William Garcia
RM1074,David Smith
RM1137,David Garcia
RM1152,Jennifer Rodriguez
RM1284,Joseph Smith
RM1308,Mary Garcia
RM1324,Michael Johnson
RM1338,Sarah Martinez
RM1365,James Williams
RM1370,Mary Rodriguez
RM1382,James Williams
RM1391,Joseph Williams
RM012,Jessica Jones
RM016,Barbara Williams
RM072,David Williams
RM156,William Jones
RM206,Jessica Williams
RM218,Charles Johnson
RM228,Karen Jones
RM230,David Jones
RM253,James Miller
RM255,Charles Williams
RM266,Joseph Martinez
RM283,John Miller
RM337,Michael Smith
RM338,David Johnson
RM344,Patricia Johnson
RM350,John Garcia
RM372,John Davis
RM421,Richard Garcia
RM422,Patricia Jones
RM455,Charles Johnson
RM508,Patricia Rodriguez
RM520,Michael Miller
RM547,Michael Williams
RM556,James Smith
RM573,Barbara Jones
RM590,Sarah Smith
RM595,James Davis
RM646,Patricia Brown
RM658,Barbara Garcia
RM698,Susan Jones
RM712,Linda Jones
RM809,Mary Miller
RM824,Jennifer Brown
RM826,Thomas Williams
RM837,Karen Martinez
RM853,Jennifer Garcia
RM860,Elizabeth Williams
RM894,Jessica Williams
RM904,Robert Miller
RM906,Sarah Martinez
RM933,Barbara Williams
RM1006,Charles Martinez
RM1008,Elizabeth Garcia
RM1058,Susan Garcia
RM1064,Richard Williams
RM1073,Elizabeth Williams
RM1078,Thomas Davis
RM1091,Jessica Martinez
RM1105,William Williams
RM1123,Michael Jones
RM1126,Charles Jones
RM1173,Michael Smith
RM1189,John Davis
RM1220,Linda Brown
RM1250,Sarah Rodriguez
RM1251,Thomas Garcia
RM1259,Barbara Martinez
RM1314,William Brown
RM1319,David Miller
RM1325,Richard Brown
RM1330,David Jones
RM1333,Richard Miller
RM1344,Robert Garcia
RM1366,William Rodriguez
RM1388,Thomas Jones
RM1443,William Davis
RM1460,Charles Martinez
RM1461,Sarah Jones
RM1461,Elizabeth Jones
RM008,Richard Brown
RM033,Michael Smith
RM045,Elizabeth Brown
RM081,Thomas Miller
RM089,Richard Garcia
RM093,Linda Rodriguez
RM121,David Garcia
RM140,James Smith
RM144,Jessica Martinez
RM146,Mary Jones
RM147,David Jones
RM168,Susan Johnson
RM174,Joseph Martinez
RM212,Joseph Smith
RM215,Karen Jones
RM217,Mary Brown
RM325,Karen Davis
RM339,Patricia Brown
RM355,Elizabeth Jones
RM382,David Rodriguez
RM386,Thomas Davis
RM403,Jessica Rodriguez
RM411,Linda Jones
RM420,Richard Garcia
RM424,Linda Brown
RM427,Elizabeth Garcia
RM438,Robert Rodriguez
RM481,Charles Davis
RM502,Mary Smith
RM546,Michael Martinez
RM582,Charles Martinez
RM603,Mary Davis
RM624,Michael Jones
RM703,Richard Martinez
RM721,Jennifer Jones
RM731,Patricia Miller
RM733,Karen Smith
RM783,Richard Martinez
RM845,William Rodriguez
RM866,Thomas Davis
RM875,Richard Miller
RM887,Charles Miller
RM932,Jessica Williams
RM942,Linda Garcia
RM949,Barbara Martinez
RM1014,Linda Williams
RM1050,Charles Smith
RM1053,David Rodriguez
RM1065,Michael Jones
RM1107,William Johnson
RM1110,Richard Jones
RM1142,John Rodriguez
RM1234,John Williams
RM1245,Jennifer Miller
RM1247,Elizabeth Johnson
RM1252,James Martinez
RM1260,Richard Martinez
RM1297,Karen Miller
RM1339,Richard Rodriguez
RM1413,Charles Martinez
RM013,William Davis
RM059,Charles Martinez
RM073,Charles Rodriguez
RM076,Susan Martinez
RM125,Michael Brown
RM133,Elizabeth Miller
RM181,Jessica Davis
RM225,Michael Garcia
RM246,Joseph Williams
RM260,Richard Rodriguez
RM267,Michael Brown
RM293,Jennifer Jones
RM304,Thomas Brown
RM310,John Martinez
RM311,William Rodriguez
RM313,Joseph Martinez
RM322,John Brown
RM326,Elizabeth Smith
RM343,Jessica Jones
RM370,Michael Rodriguez
RM395,Jennifer Jones
RM400,Thomas Johnson
RM435,Richard Williams
RM440,Richard Williams
RM451,James Smith
RM457,John Garcia
RM483,Thomas Johnson
RM485,Michael Smith
RM645,William Davis
RM676,David Garcia
RM680,Jennifer Rodriguez
RM691,Barbara Brown
RM710,Richard Jones
RM727,Elizabeth Martinez
RM819,Charles Garcia
RM832,Richard Johnson
RM896,Michael Miller
RM897,Jessica Jones
RM951,Linda Smith
RM953,Karen Davis
RM981,Jessica Williams
RM986,David Johnson
RM1013,Elizabeth Williams
RM1015,Patricia Jones
RM1017,Susan Williams
RM1031,Charles Jones
RM1034,Jessica Davis
RM1036,Elizabeth Williams
RM1037,Michael Miller
RM1086,Susan Brown
RM1145,David Garcia
RM1192,Mary Johnson
RM1228,James Williams
RM1240,Jessica Johnson
RM1248,William Smith
RM1258,Joseph Johnson
RM1275,Patricia Jones
RM1307,Sarah Brown
RM1313,David Johnson
RM1342,Michael Williams
RM1359,Patricia Johnson
RM1361,Jennifer Martinez
RM1383,Richard Davis
RM1390,Thomas Williams
RM1396,James Garcia
RM1403,Sarah Garcia
RM1406,Sarah Davis
RM1418,Joseph Jones
RM1464,Thomas Johnson
RM1464,Richard Brown
RM006,Charles Rodriguez
RM017,David Miller
RM027,Elizabeth Garcia
RM061,Robert Rodriguez
RM074,Charles Brown
RM095,David Davis
RM102,Michael Brown
RM141,Patricia Davis
RM145,Thomas Williams
RM155,Elizabeth Johnson
RM170,William Garcia
RM211,David Smith
RM239,Jessica Davis
RM240,Charles Johnson
RM242,John Smith
RM261,Thomas Johnson
RM263,Richard Smith
RM307,Charles Johnson
RM320,Barbara Smith
RM323,Linda Smith
RM352,Jennifer Williams
RM470,William Brown
RM501,Elizabeth Johnson
RM528,Joseph Smith
RM532,Barbara Davis
RM559,Michael Brown
RM601,Mary Brown
RM623,Charles Davis
RM627,Linda Garcia
RM638,James Rodriguez
RM642,Robert Jones
RM657,Thomas Williams
RM683,Elizabeth Johnson
RM693,Jennifer Davis
RM757,Patricia Jones
RM851,Susan Martinez
RM881,Karen Johnson
RM882,Jennifer Martinez
RM936,David Martinez
RM940,Thomas Martinez
RM992,Joseph Martinez
RM1027,Richard Martinez
RM1076,Charles Williams
RM1102,Mary Brown
RM1114,James Davis
RM1140,Susan Martinez
RM1191,Thomas Garcia
RM1206,Richard Martinez
RM1227,William Davis
RM1238,Michael Brown
RM1242,Robert Jones
RM1261,James Jones
RM1320,William Brown
RM1327,Joseph Jones
RM1376,Patricia Brown
RM1389,Sarah Davis
RM1395,David Johnson
RM1427,Elizabeth Garcia
RM1429,Robert Garcia
RM1432,Elizabeth Rodriguez
RM1450,Thomas Garcia
RM004,Karen Johnson
RM031,James Brown
RM040,Elizabeth Williams
RM056,Linda Miller
RM122,William Martinez
RM177,Thomas Johnson
RM186,Elizabeth Garcia
RM222,Jessica Brown
RM235,Charles Rodriguez
RM237,Karen Rodriguez
RM247,Linda Rodriguez
RM314,Sarah Rodriguez
RM329,Richard Brown
RM364,Linda Williams
RM436,Robert Davis
RM437,William Davis
RM456,Jessica Brown
RM500,David Miller
RM510,James Brown
RM515,Thomas Smith
RM563,Thomas Garcia
RM591,Robert Brown
RM592,Jennifer Smith
RM620,Richard Martinez
RM656,Robert Miller
RM674,John Garcia
RM695,Barbara Miller
RM711,John Brown
RM713,Patricia Jones
RM716,Mary Davis
RM755,Karen Jones
RM791,Charles Davis
RM793,Elizabeth Martinez
RM799,David Davis
RM803,Susan Martinez
RM830,Mary Johnson
RM864,Richard Johnson
RM873,Linda Miller
RM884,Richard Rodriguez
RM909,John Miller
RM991,Charles Rodriguez
RM1048,William Williams
RM1067,Mary Davis
RM1075,James Martinez
RM1092,Joseph Johnson
RM1096,Robert Garcia
RM1106,Joseph Jones
RM1190,David Brown
RM1199,Susan Williams
RM1211,Richard Miller
RM1254,Patricia Rodriguez
RM1256,Susan Garcia
RM1266,David Martinez
RM1283,Thomas Martinez
RM1364,James Martinez
RM1399,Richard Davis
RM1416,William Davis
RM1426,Jessica Davis
RM014,Thomas Williams
RM023,Susan Martinez
RM025,John Miller
RM047,David Williams
RM085,David Brown
RM104,Linda Brown
RM112,Robert Johnson
RM115,Karen Johnson
RM117,Karen Johnson
RM160,Susan Rodriguez
RM182,Linda Jones
RM189,Robert Jones
RM203,Michael Johnson
RM248,John Johnson
RM379,Robert Williams
RM394,Linda Brown
RM416,Mary Davis
RM433,Michael Jones
RM441,Karen Johnson
RM463,Charles Williams
RM482,Robert Smith
RM495,Elizabeth Brown
RM504,John Jones
RM525,Susan Brown
RM550,Barbara Davis
RM561,Barbara Johnson
RM568,Thomas Rodriguez
RM575,Patricia Rodriguez
RM580,Susan Brown
RM584,Elizabeth Rodriguez
RM607,Patricia Brown
RM614,Michael Jones
RM672,Richard Johnson
RM758,William Martinez
RM764,Jennifer Rodriguez
RM795,Michael Brown
RM804,Robert Jones
RM823,David Smith
RM835,Mary Rodriguez
RM848,David Smith
RM907,Barbara Miller
RM918,Patricia Miller
RM921,Karen Williams
RM924,John Brown
RM959,Richard Smith
RM965,Karen Williams
RM978,Barbara Smith
RM980,William Davis
RM984,Sarah Rodriguez
RM1016,William Miller
RM1028,Patricia Davis
RM1040,Barbara Rodriguez
RM1049,Thomas Johnson
RM1056,James Williams
RM1059,Sarah Miller
RM1085,Richard Miller
RM1088,John Garcia
RM1116,Robert Rodriguez
RM1118,Richard Davis
RM1132,Joseph Garcia
RM1147,Michael Williams
RM1180,Jennifer Garcia
RM1209,Robert Williams
RM1213,Linda Smith
RM1253,James Johnson
RM1268,Thomas Davis
RM1271,Jessica Martinez
RM1291,Thomas Smith
RM1301,Joseph Davis
RM1343,John Davis
RM1354,James Miller
RM1360,Jessica Rodriguez
RM1369,Robert Rodriguez
RM1385,James Garcia
RM1386,Joseph Williams
RM1447,Karen Martinez
RM1470,William Johnson
RM1470,Michael Davis
RM011,Charles Williams
RM038,Sarah Davis
RM041,Charles Miller
RM050,Thomas Garcia
RM054,Thomas Miller
RM057,John Davis
RM058,Mary Jones
RM069,William Garcia
RM077,Thomas Williams
RM082,John Rodriguez
RM152,James Garcia
RM193,Michael Williams
RM197,Linda Martinez
RM229,Mary Miller
RM277,Elizabeth Rodriguez
RM298,William Martinez
RM345,John Smith
RM373,John Davis
RM431,Michael Garcia
RM439,James Jones
RM448,David Garcia
RM462,Karen Jones
RM484,John Jones
RM509,Richard Davis
RM516,Charles Smith
RM558,Elizabeth Garcia
RM581,Susan Smith
RM597,Linda Johnson
RM612,Robert Garcia
RM621,Barbara Jones
RM636,Barbara Martinez
RM637,Elizabeth Garcia
RM648,Robert Garcia
RM677,Elizabeth Jones
RM699,Elizabeth Williams
RM705,Thomas Martinez
RM726,Michael Garcia
RM730,Linda Williams
RM741,Charles Brown
RM792,John Martinez
RM821,Michael Smith
RM836,James Jones
RM841,Richard Johnson
RM847,David Jones
RM849,Joseph Rodriguez
RM871,Thomas Brown
RM889,Jessica Rodriguez
RM925,Michael Rodriguez
RM962,David Martinez
RM974,Jessica Smith
RM982,Susan Davis
RM1003,David Jones
RM1060,Michael Johnson
RM1082,Patricia Miller
RM1101,Jennifer Smith
RM1109,Thomas Smith
RM1111,Linda Rodriguez
RM1124,Sarah Jones
RM1131,Thomas Jones
RM1135,James Davis
RM1151,James Smith
RM1158,Jessica Davis
RM1163,David Brown
RM1168,Richard Jones
RM1187,Joseph Smith
RM1216,William Martinez
RM1233,John Garcia
RM1282,Michael Davis
RM1289,John Davis
RM1303,James Rodriguez
RM1346,Sarah Johnson
RM1381,David Garcia
RM1393,Sarah Martinez
RM1423,Joseph Smith
RM1425,Thomas Jones
RM1451,Barbara Brown
RM1457,Joseph Williams
RM1459,Sarah Miller
RM010,James Smith
RM022,Richard Smith
RM039,Linda Garcia
RM065,Barbara Davis
RM067,William Garcia
RM070,Joseph Jones
RM075,Linda Brown
RM118,Patricia Jones
RM119,Jennifer Jones
RM136,John Rodriguez
RM173,Thomas Jones
RM208,Sarah Miller
RM221,Joseph Williams
RM270,Richard Rodriguez
RM292,David Rodriguez
RM299,Joseph Williams
RM306,Susan Brown
RM359,Mary Williams
RM360,Charles Jones
RM378,Jessica Davis
RM385,John Rodriguez
RM443,Joseph Martinez
RM512,James Jones
RM542,Linda Rodriguez
RM570,Richard Jones
RM594,Barbara Miller
RM600,Thomas Smith
RM622,Charles Smith
RM634,Richard Brown
RM665,John Johnson
RM681,Thomas Rodriguez
RM688,Charles Miller
RM694,Richard Williams
RM709,James Davis
RM753,Sarah Smith
RM762,David Johnson
RM774,Susan Williams
RM818,Thomas Rodriguez
RM874,James Davis
RM883,Sarah Rodriguez
RM901,David Davis
RM928,Jennifer Garcia
RM943,Karen Brown
RM969,Patricia Martinez
RM1012,Susan Davis
RM1019,Michael Brown
RM1020,Patricia Brown
RM1103,William Miller
RM1122,Susan Williams
RM1129,Thomas Miller
RM1146,Barbara Garcia
RM1174,Karen Garcia
RM1181,David Miller
RM1183,Mary Johnson
RM1184,William Johnson
RM1200,David Jones
RM1221,Susan Rodriguez
RM1237,Richard Miller
RM1279,Joseph Rodriguez
RM1316,Jennifer Jones
RM1341,Elizabeth Smith
RM1348,Charles Smith
RM1356,Joseph Williams
RM1384,Robert Williams
RM1440,Karen Jones
RM1441,Barbara Williams
RM1448,John Smith
RM1454,Elizabeth Brown
RM1466,Thomas Rodriguez
RM1466,John Brown
RM003,Thomas Davis
RM048,Robert Miller
RM060,Robert Martinez
RM079,Robert Williams
RM101,Robert Johnson
RM105,Robert Davis
RM116,Joseph Williams
RM196,Robert Brown
RM223,William Smith
RM227,Robert Miller
RM249,Patricia Davis
RM251,James Brown
RM274,Thomas Miller
RM276,Sarah Williams
RM286,Elizabeth Garcia
RM295,David Smith
RM341,Richard Davis
RM354,Michael Davis
RM365,Linda Miller
RM387,Linda Johnson
RM390,Robert Garcia
RM399,Sarah Martinez
RM465,Barbara Williams
RM468,David Johnson
RM473,Karen Brown
RM487,William Davis
RM507,James Martinez
RM523,James Jones
RM578,Karen Rodriguez
RM629,William Rodriguez
RM649,Linda Davis
RM653,Richard Williams
RM696,William Miller
RM745,Sarah Smith
RM768,Elizabeth Garcia
RM796,Jessica Williams
RM833,Jessica Rodriguez
RM856,Susan Miller
RM990,John Davis
RM1002,Patricia Jones
RM1023,Joseph Rodriguez
RM1090,William Miller
RM1159,William Martinez
RM1164,Sarah Rodriguez
RM1212,Richard Garcia
RM1277,Joseph Miller
RM1281,Michael Davis
RM1292,Richard Johnson
RM1345,John Williams
RM1433,Sarah Brown
RM009,Thomas Davis
RM020,Michael Brown
RM062,Karen Rodriguez
RM084,Susan Miller
RM143,Jennifer Johnson
RM169,Elizabeth Miller
RM180,Elizabeth Johnson
RM199,Thomas Rodriguez
RM200,Michael Davis
RM205,Joseph Smith
RM224,John Martinez
RM262,William Rodriguez
RM278,Mary Brown
RM288,David Williams
RM308,Barbara Jones
RM342,Richard Smith
RM417,John Johnson
RM472,Patricia Miller
RM491,Mary Williams
RM519,Karen Williams
RM530,Mary Miller
RM543,Susan Smith
RM560,James Martinez
RM579,Susan Garcia
RM606,Michael Martinez
RM643,Richard Johnson
RM682,Jessica Davis
RM704,Patricia Smith
RM723,Robert Smith
RM748,Robert Brown
RM766,David Rodriguez
RM785,Jessica Brown
RM808,Robert Martinez
RM812,Thomas Martinez
RM827,Charles Miller
RM964,Patricia Miller
RM983,Robert Davis
RM1108,James Smith
RM1113,Robert Rodriguez
RM1120,Robert Davis
RM1121,Elizabeth Brown
RM1162,Barbara Martinez
RM1188,Richard Davis
RM1194,Jennifer Williams
RM1203,Patricia Johnson
RM1257,Elizabeth Martinez
RM1262,Robert Miller
RM1273,Patricia Miller
RM1290,Robert Rodriguez
RM1309,Barbara Davis
RM1374,Sarah Rodriguez
RM1377,Thomas Williams
RM1392,Charles Jones
RM1401,Robert Rodriguez
RM1417,Robert Johnson
RM1419,James Davis
RM1431,Sarah Martinez
RM1452,Susan Rodriguez
RM034,Thomas Johnson
RM138,Jessica Martinez
RM241,Jennifer Garcia
RM252,Elizabeth Martinez
RM305,David Martinez
RM315,James Jones
RM327,Thomas Brown
RM328,Elizabeth Smith
RM401,Joseph Brown
RM450,Jessica Smith
RM527,Sarah Jones
RM552,Linda Smith
RM655,Linda Smith
RM670,Joseph Brown
RM706,Thomas Miller
RM739,Mary Garcia
RM754,Jennifer Smith
RM814,Thomas Davis
RM817,William Smith
RM938,Elizabeth Williams
RM941,William Smith
RM950,John Smith
RM987,Charles Smith
RM993,William Jones
RM1033,Elizabeth Johnson
RM1080,Susan Miller
RM1125,Michael Garcia
RM1149,Robert Martinez
RM1156,Richard Martinez
RM1160,Jessica Rodriguez
RM1176,James Davis
RM1241,William Jones
RM1285,Michael Jones
RM1293,Charles Miller
RM1336,John Miller
RM1367,Sarah Smith
RM1373,Robert Rodriguez
RM1404,Charles Jones
RM1430,Robert Martinez
RM1438,Robert Williams
RM1463,Patricia Miller
RM1467,John Brown
RM1463,Susan Johnson
RM1467,Thomas Brown
RM091,John Williams
RM151,Mary Rodriguez
RM159,Richard Rodriguez
RM187,Susan Jones
RM204,David Rodriguez
RM209,Charles Johnson
RM244,James Williams
RM258,James Rodriguez
RM336,William Martinez
RM362,Elizabeth Davis
RM369,Robert Garcia
RM388,Elizabeth Johnson
RM392,Patricia Jones
RM418,Sarah Rodriguez
RM449,Sarah Smith
RM459,James Jones
RM534,Michael Johnson
RM554,Mary Rodriguez
RM583,Karen Rodriguez
RM602,Michael Jones
RM685,Robert Johnson
RM692,Joseph Brown
RM707,Susan Martinez
RM769,David Jones
RM786,John Williams
RM815,Thomas Miller
RM838,Elizabeth Martinez
RM846,Jessica Smith
RM867,James Johnson
RM885,Sarah Jones
RM947,Joseph Martinez
RM958,Richard Rodriguez
RM960,James Williams
RM968,David Miller
RM979,Jennifer Johnson
RM1030,Thomas Jones
RM1041,James Jones
RM1046,William Martinez
RM1084,John Rodriguez
RM1095,Joseph Brown
RM1097,Charles Davis
RM1099,Robert Martinez
RM1133,Mary Smith
RM1157,Linda Williams
RM1165,Jennifer Garcia
RM1172,Joseph Martinez
RM1230,Jennifer Jones
RM1243,John Miller
RM1287,Susan Brown
RM1300,Patricia Johnson
RM1305,Jennifer Martinez
RM1349,David Garcia
RM1410,Jennifer Miller
RM1411,Barbara Davis
RM1428,Michael Martinez
RM1456,Robert Smith
RM1458,Susan Brown
RM001,Linda Smith
RM046,Susan Brown
RM134,David Johnson
RM148,James Davis
RM149,John Martinez
RM167,Michael Rodriguez
RM183,Susan Brown
RM216,Mary Brown
RM243,Joseph Smith
RM301,Joseph Miller
RM347,Charles Davis
RM367,Richard Smith
RM404,Thomas Miller
RM447,David Davis
RM460,Karen Martinez
RM467,Jennifer Garcia
RM536,William Miller
RM539,Charles Garcia
RM668,Jennifer Davis
RM687,John Brown
RM717,William Martinez
RM738,Susan Martinez
RM747,Jessica Williams
RM784,Mary Johnson
RM831,Richard Davis
RM865,David Rodriguez
RM952,John Williams
RM961,Susan Rodriguez
RM989,Jessica Johnson
RM1029,David Miller
RM1197,John Williams
RM1219,William Brown
RM1229,David Jones
RM1267,William Martinez
RM1295,John Brown
RM1296,Susan Garcia
RM1357,Linda Martinez
RM1421,Thomas Brown
RM1446,Patricia Garcia
RM1449,Robert Garcia
RM028,Michael Smith
RM198,Elizabeth Jones
RM232,William Garcia
RM254,Patricia Jones
RM257,Elizabeth Martinez
RM282,Charles Smith
RM296,Jessica Martinez
RM349,Jessica Rodriguez
RM351,Richard Miller
RM357,James Brown
RM389,Sarah Martinez
RM410,Mary Miller
RM414,Barbara Martinez
RM442,Richard Rodriguez
RM452,Joseph Rodriguez
RM489,Sarah Brown
RM548,David Williams
RM585,Joseph Jones
RM598,Susan Brown
RM605,Richard Smith
RM633,Joseph Rodriguez
RM644,Jennifer Miller
RM673,Susan Brown
RM742,Robert Jones
RM800,Michael Davis
RM825,Richard Davis
RM839,William Brown
RM840,Robert Rodriguez
RM879,Robert Brown
RM888,Barbara Davis
RM926,Susan Williams
RM955,William Garcia
RM1000,Linda Brown
RM1051,Barbara Martinez
RM1089,Michael Jones
RM1094,Michael Smith
RM1130,Richard Smith
RM1264,Michael Jones
RM1288,Thomas Davis
RM1321,Robert Martinez
RM1326,William Johnson
RM1358,Thomas Martinez
RM1379,Robert Williams
RM1405,Robert Williams
RM1420,David Rodriguez
RM1444,Robert Miller
RM036,Mary Brown
RM120,Richard Jones
RM131,Mary Rodriguez
RM194,Michael Jones
RM236,Jennifer Garcia
RM316,Karen Davis
RM331,Elizabeth Davis
RM334,Karen Jones
RM391,William Jones
RM396,Thomas Martinez
RM397,Jessica Smith
RM490,Joseph Garcia
RM492,William Rodriguez
RM549,Robert Jones
RM610,William Johnson
RM651,Mary Johnson
RM662,Susan Brown
RM776,Charles Williams
RM813,Jennifer Smith
RM850,Jessica Johnson
RM899,Michael Davis
RM927,Susan Miller
RM996,Mary Johnson
RM1134,Richard Rodriguez
RM1186,Thomas Jones
RM1217,James Smith
RM1263,Richard Martinez
RM1270,David Davis
RM1294,Michael Williams
RM1317,Charles Brown
RM1331,Jennifer Martinez
RM1400,John Williams
RM029,Susan Smith
RM032,William Rodriguez
RM053,Barbara Brown
RM100,Robert Brown
RM287,Richard Smith
RM494,Linda Brown
RM498,David Martinez
RM544,Robert Jones
RM618,Richard Williams
RM632,Michael Smith
RM659,Joseph Rodriguez
RM751,Jessica Davis
RM790,Robert Williams
RM858,Robert Jones
RM863,Richard Garcia
RM876,Michael Johnson
RM892,Jennifer Williams
RM908,John Brown
RM923,Michael Miller
RM929,Patricia Miller
RM954,Robert Smith
RM1043,Robert Garcia
RM1047,Charles Rodriguez
RM1052,Mary Garcia
RM1063,Richard Smith
RM1079,William Smith
RM1141,Linda Smith
RM1166,Michael Davis
RM1201,Jessica Davis
RM1215,Jessica Jones
RM1280,John Jones
RM1353,James Smith
RM1436,Michael Davis
RM068,Richard Jones
RM078,William Miller
RM142,Charles Rodriguez
RM154,Joseph Rodriguez
RM175,Karen Miller
RM195,Joseph Davis
RM219,Barbara Rodriguez
RM245,Richard Brown
RM250,James Martinez
RM269,Joseph Davis
RM312,David Garcia
RM335,David Johnson
RM408,Robert Rodriguez
RM453,John Rodriguez
RM505,Sarah Johnson
RM565,Thomas Martinez
RM604,Karen Miller
RM626,Richard Miller
RM697,Thomas Garcia
RM714,Karen Rodriguez
RM719,John Miller
RM756,Elizabeth Jones
RM760,William Brown
RM806,Sarah Jones
RM855,Mary Miller
RM914,Jessica Martinez
RM937,Barbara Miller
RM1035,Robert Martinez
RM1038,Richard Brown
RM1093,David Smith
RM1100,John Rodriguez
RM1143,Sarah Smith
RM1144,William Garcia
RM1161,Linda Martinez
RM1222,Charles Smith
RM1226,Susan Davis
RM1244,Jessica Davis
RM1315,Sarah Davis
RM1347,Sarah Jones
RM1363,Joseph Johnson
RM1455,Sarah Garcia
RM030,Karen Martinez
RM049,Michael Miller
RM080,William Davis
RM090,Thomas Brown
RM094,Richard Williams
RM179,Susan Smith
RM210,Charles Williams
RM264,Mary Williams
RM366,Linda Miller
RM413,Sarah Johnson
RM430,William Garcia
RM434,Sarah Williams
RM466,Patricia Miller
RM724,James Brown
RM771,Robert Johnson
RM779,Mary Jones
RM811,William Martinez
RM862,Patricia Jones
RM870,Robert Smith
RM878,William Smith
RM917,Sarah Rodriguez
RM944,Jennifer Jones
RM1032,Robert Miller
RM1081,Barbara Garcia
RM1136,Thomas Williams
RM1232,Joseph Williams
RM1236,Charles Miller
RM1278,Robert Jones
RM1286,James Smith
RM1299,Mary Garcia
RM1323,Joseph Smith
RM1328,Jessica Jones
RM1334,Karen Johnson
RM272,Joseph Brown
RM330,Michael Johnson
RM348,James Johnson
RM429,Elizabeth Miller
RM533,Michael Martinez
RM545,Elizabeth Johnson
RM567,Jessica Miller
RM593,Patricia Martinez
RM652,Linda Garcia
RM666,Mary Jones
RM708,John Davis
RM720,Barbara Miller
RM1021,James Rodriguez
RM1025,Patricia Jones
RM1068,Elizabeth Brown
RM1155,Susan Smith
RM1195,Linda Johnson
RM1224,William Martinez
RM1235,Thomas Jones
RM1304,Jessica Rodriguez
RM1322,Patricia Garcia
RM1371,William Jones
RM1415,Joseph Johnson
RM1422,Karen Garcia
RM051,James Davis
RM353,Susan Smith
RM445,Patricia Martinez
RM493,Jennifer Smith
RM521,David Davis
RM679,Michael Miller
RM736,David Smith
RM737,Michael Martinez
RM805,James Williams
RM902,James Martinez
RM905,Robert Williams
RM970,Joseph Davis
RM1039,Joseph Miller
RM1104,Jennifer Johnson
RM1115,Jennifer Brown
RM1167,Charles Rodriguez
RM1205,Elizabeth Brown
RM1332,Robert Miller
RM1352,Elizabeth Smith
RM002,Richard Miller
RM130,Elizabeth Garcia
RM202,Richard Davis
RM291,Sarah Smith
RM317,Karen Smith
RM376,Charles Garcia
RM474,John Williams
RM608,Karen Johnson
RM640,Jennifer Rodriguez
RM678,Susan Rodriguez
RM822,Robert Johnson
RM900,William Jones
RM1007,William Smith
RM1045,Robert Brown
RM1055,William Miller
RM1072,Susan Rodriguez
RM1148,Karen Smith
RM1177,Jessica Jones
RM1182,Karen Rodriguez
RM1193,Linda Williams
RM1196,Joseph Williams
RM1255,Linda Miller
RM1378,John Jones
RM1469,Charles Davis
RM1469,David Jones
RM037,Richard Williams
RM063,Jessica Brown
RM107,Karen Davis
RM132,Patricia Garcia
RM166,Jessica Martinez
RM184,John Garcia
RM234,Sarah Jones
RM280,Robert Smith
RM368,Joseph Garcia
RM426,Robert Smith
RM478,James Garcia
RM524,Michael Williams
RM529,William Smith
RM540,John Rodriguez
RM589,Charles Jones
RM654,Charles Davis
RM715,James Smith
RM722,John Smith
RM743,William Williams
RM752,Susan Rodriguez
RM767,Richard Jones
RM802,Thomas Davis
RM868,Karen Miller
RM946,Susan Rodriguez
RM1087,Joseph Williams
RM1127,Michael Rodriguez
RM1139,Charles Rodriguez
RM1178,Barbara Garcia
RM1453,James Rodriguez
RM1462,David Brown
RM1462,Joseph Williams
RM088,Thomas Williams
RM092,Joseph Miller
RM111,Sarah Davis
RM124,Charles Johnson
RM137,Richard Martinez
RM157,Michael Smith
RM190,Jessica Jones
RM214,William Martinez
RM259,William Martinez
RM300,Richard Johnson
RM377,Susan Garcia
RM617,Elizabeth Davis
RM780,Richard Miller
RM919,Richard Smith
RM931,Elizabeth Brown
RM963,Charles Brown
RM972,Sarah Johnson
RM988,John Williams
RM1276,Jessica Jones
RM191,Robert Garcia
RM231,Jessica Smith
RM238,James Rodriguez
RM318,John Brown
RM407,John Williams
RM409,Jessica Garcia
RM469,Joseph Rodriguez
RM562,David Brown
RM571,Joseph Williams
RM588,Jessica Williams
RM628,Barbara Brown
RM700,Robert Smith
RM750,Elizabeth Williams
RM807,Thomas Johnson
RM948,Thomas Miller
RM995,Linda Rodriguez
RM1001,Patricia Williams
RM1435,Thomas Johnson
RM019,Karen Jones
RM026,Karen Johnson
RM153,Thomas Smith
RM185,Karen Smith
RM281,Thomas Garcia
RM503,Mary Johnson
RM535,Thomas Davis
RM557,Michael Johnson
RM625,Jessica Davis
RM647,Richard Brown
RM650,Linda Miller
RM702,William Davis
RM761,Linda Rodriguez
RM859,Barbara Brown
RM1044,William Miller
RM1112,Jennifer Rodriguez
RM1204,John Smith
RM1269,Sarah Garcia
RM1397,Charles Rodriguez
RM096,Jennifer Rodriguez
RM113,Jessica Johnson
RM220,Patricia Garcia
RM333,Elizabeth Garcia
RM393,Robert Martinez
RM432,Jessica Davis
RM511,John Smith
RM576,Mary Rodriguez
RM729,Jennifer Johnson
RM772,Patricia Brown
RM891,Patricia Miller
RM895,Robert Smith
RM1009,Patricia Davis
RM1077,Linda Davis
RM1185,Mary Martinez
RM1306,Elizabeth Jones
RM1398,Barbara Rodriguez
RM1407,Elizabeth Davis
RM066,Jessica Jones
RM083,John Miller
RM188,Joseph Rodriguez
RM271,John Rodriguez
RM284,William Brown
RM380,Karen Williams
RM446,Jessica Williams
RM569,Michael Smith
RM609,Robert Martinez
RM746,Robert Jones
RM775,Richard Martinez
RM788,Robert Martinez
RM915,Thomas Johnson
RM956,Jennifer Johnson
RM976,John Brown
RM1011,Richard Rodriguez
RM1066,John Johnson
RM1117,David Garcia
RM1208,William Davis
RM1265,William Smith
RM1337,Thomas Williams
RM1402,Richard Brown
RM086,Michael Rodriguez
RM123,Mary Rodriguez
RM176,Patricia Brown
RM402,Jessica Martinez
RM553,Michael Rodriguez
RM773,Elizabeth Miller
RM852,Susan Johnson
RM957,Joseph Davis
RM977,Richard Martinez
RM1024,Mary Rodriguez
RM1355,Michael Brown
RM1372,Elizabeth Williams
RM1442,William Johnson
RM1445,Charles Rodriguez
RM164,Michael Rodriguez
RM361,Charles Brown
RM425,Thomas Smith
RM1054,James Johnson
RM099,David Smith
RM127,Jessica Martinez
RM158,Linda Miller
RM309,Robert Jones
RM596,Robert Johnson
RM661,David Smith
RM675,Sarah Garcia
RM701,Robert Davis
RM939,Michael Miller
RM967,Patricia Martinez
RM1010,Mary Davis
RM1302,Joseph Johnson
RM1311,Charles Jones
RM1375,Jessica Jones
RM007,Susan Smith
RM064,Sarah Davis
RM071,Elizabeth Martinez
RM106,Mary Rodriguez
RM226,Michael Johnson
RM233,William Smith
RM744,Barbara Garcia
RM759,David Williams
RM898,Jessica Johnson
RM920,Charles Johnson
RM412,Sarah Smith
RM428,Patricia Rodriguez
RM537,John Miller
RM880,Joseph Garcia
RM1210,Richard Garcia
